<?xml version="1.0" encoding="UTF-8"?>
<project-private xmlns="http://www.netbeans.org/ns/project-private/1">
    <editor-bookmarks xmlns="http://www.netbeans.org/ns/editor-bookmarks/2" lastBookmarkId="0"/>
    <open-files xmlns="http://www.netbeans.org/ns/projectui-open-files/2">
        <group>
            <file>file:/C:/Users/user/Documents/NetBeansProjects/HotelInventory/src/Classes/Suppliers.java</file>
            <file>file:/C:/Users/user/Documents/NetBeansProjects/HotelInventory/src/UI/MenuHeader.java</file>
            <file>file:/C:/Users/user/Documents/NetBeansProjects/HotelInventory/src/UI/MenuItem.java</file>
            <file>file:/C:/Users/user/Documents/NetBeansProjects/HotelInventory/src/DatabaseOperation/ProductDb.java</file>
            <file>file:/C:/Users/user/Documents/NetBeansProjects/HotelInventory/src/DatabaseOperation/SupplierDb.java</file>
            <file>file:/C:/Users/user/Documents/NetBeansProjects/HotelInventory/src/Classes/Products.java</file>
            <file>file:/C:/Users/user/Documents/NetBeansProjects/HotelInventory/src/UI/DashboardOther.java</file>
            <file>file:/C:/Users/user/Documents/NetBeansProjects/HotelInventory/src/UI/Login.java</file>
            <file>file:/C:/Users/user/Documents/NetBeansProjects/HotelInventory/src/UI/DashboardAdmin.java</file>
            <file>file:/C:/Users/user/Documents/NetBeansProjects/HotelInventory/src/Classes/Categories.java</file>
            <file>file:/C:/Users/user/Documents/NetBeansProjects/HotelInventory/src/DatabaseOperation/CreateTable.java</file>
            <file>file:/C:/Users/user/Documents/NetBeansProjects/HotelInventory/src/Classes/Admins.java</file>
            <file>file:/C:/Users/user/Documents/NetBeansProjects/HotelInventory/src/DatabaseOperation/AdminDb.java</file>
            <file>file:/C:/Users/user/Documents/NetBeansProjects/HotelInventory/src/DatabaseOperation/CategoryDb.java</file>
            <file>file:/C:/Users/user/Documents/NetBeansProjects/HotelInventory/src/UI/ReportOther.java</file>
            <file>file:/C:/Users/user/Documents/NetBeansProjects/HotelInventory/src/UI/Profile.java</file>
            <file>file:/C:/Users/user/Documents/NetBeansProjects/HotelInventory/src/UI/Product.java</file>
        </group>
    </open-files>
</project-private>
